Game,FirstName,LastName,Type,Date,Time
1,James,Wilson,S,05-06-2025,18:30
1,Michael,Smith,S,05-06-2025,18:30
1,David,Brown,S,05-06-2025,18:30
1,Robert,Johnson,S,05-06-2025,18:30
1,William,Davis,S,05-06-2025,18:30
1,Thomas,Anderson,S,05-06-2025,18:30
1,Christopher,Lee,S,05-06-2025,18:30
1,Daniel,White,S,05-06-2025,18:30
1,Joseph,Taylor,S,05-06-2025,18:30
1,Matthew,Martin,S,05-06-2025,18:30
1,Andrew,Thompson,S,05-06-2025,18:30
1,Ryan,Garcia,S,05-06-2025,18:30
1,Kevin,Rodriguez,S,05-06-2025,18:30
1,Steven,Martinez,S,05-06-2025,18:30
1,Brian,Robinson,S,05-06-2025,18:30
1,Jason,Wright,S,05-06-2025,18:30
2,John,Murphy,S,05-06-2025,19:30
2,Paul,Collins,S,05-06-2025,19:30
2,Mark,Edwards,S,05-06-2025,19:30
2,Eric,Phillips,S,05-06-2025,19:30
2,George,Howard,S,05-06-2025,19:30
2,Kenneth,Butler,S,05-06-2025,19:30
2,Ronald,Turner,S,05-06-2025,19:30
2,Timothy,Ross,S,05-06-2025,19:30
2,Gary,Coleman,S,05-06-2025,19:30
2,Stephen,Hill,S,05-06-2025,19:30
2,Edward,Baker,S,05-06-2025,19:30
2,Patrick,Kelly,S,05-06-2025,19:30
2,Frank,Young,S,05-06-2025,19:30
2,Scott,King,S,05-06-2025,19:30
2,Jeffrey,Lopez,S,05-06-2025,19:30
2,Larry,Mitchell,S,05-06-2025,19:30
3,Donald,Gray,S,05-06-2025,20:30
3,Gregory,Adams,S,05-06-2025,20:30
3,Charles,Hall,S,05-06-2025,20:30
3,Dennis,Nelson,S,05-06-2025,20:30
3,Jerry,Torres,S,05-06-2025,20:30
3,Peter,Morgan,S,05-06-2025,20:30
3,Carl,Carter,S,05-06-2025,20:30
3,Henry,Ward,S,05-06-2025,20:30
3,Roger,Watson,S,05-06-2025,20:30
3,Albert,Brooks,S,05-06-2025,20:30
3,Wayne,Price,S,05-06-2025,20:30
3,Bruce,Bennett,S,05-06-2025,20:30
3,Fred,Hughes,S,05-06-2025,20:30
3,Vincent,Cox,S,05-06-2025,20:30
3,Ralph,Bailey,S,05-06-2025,20:30
3,Todd,Richardson,S,05-06-2025,20:30
